chapter,page,url,description,note
0,0,,text-only,"generate an image inspired by the poem and what could have been LEwssi Carrol in the boat with 2 girls, when he first conceived the story. Get real Alice's pictures as insiration"
0,0,https://pub-71ebbc217e6247ecacb85126a6616699.r2.dev/grammar-illustrations/alice-in-wonderland/ch02-the-pool-of-tears/alice-b-woodward-1913.jpg,вЂ” вЂ” Alice B. Woodward вЂ” They all swam to the shore
0,0,https://pub-71ebbc217e6247ecacb85126a6616699.r2.dev/grammar-illustrations/alice-in-wonderland/ch04-stuck-in-the-house/john-tenniel-colorized-e-g-thomson-1890.jpg,вЂ” вЂ” John Tenniel (colorized E.G. Thomson) вЂ” She grew and grew
0,0,https://pub-71ebbc217e6247ecacb85126a6616699.r2.dev/grammar-illustrations/alice-in-wonderland/chapter-01-down-the-rabbit-hole/arthur-rackham-1907.jpg,вЂ” вЂ” Arthur Rackham вЂ” Alice portrait
0,0,https://pub-71ebbc217e6247ecacb85126a6616699.r2.dev/grammar-illustrations/alice-in-wonderland/ch01-the-white-rabbit-appears/john-tenniel-colorized-e-g-thomson-1890.jpg,вЂ” John Tenniel (colorized E.G. Thomson) вЂ” The White Rabbit
0,0,https://pub-71ebbc217e6247ecacb85126a6616699.r2.dev/grammar-illustrations/alice-in-wonderland/ch01-bored-by-the-river/brinsley-le-fanu-1910.jpg,Alice took marmalade as she fell
0,0,https://pub-71ebbc217e6247ecacb85126a6616699.r2.dev/grammar-illustrations/alice-in-wonderland/ch01-bored-by-the-river/lewis-carroll-1864-dedication.webp,A Christmas Gift to a Dear Child
0,0,https://pub-71ebbc217e6247ecacb85126a6616699.r2.dev/grammar-illustrations/alice-in-wonderland/ch01-drink-me/lewis-carroll-1864-manuscript.webp,Alice at the golden key and little door
0,0,https://pub-71ebbc217e6247ecacb85126a6616699.r2.dev/grammar-illustrations/alice-in-wonderland/ch01-eat-me/nursery-alice-1890-cover.jpg,The Nursery Alice front cover
1,0,https://pub-71ebbc217e6247ecacb85126a6616699.r2.dev/grammar-illustrations/alice-in-wonderland/ch01-the-white-rabbit-appears/gwynedd-hudson-1922.jpg,chapter cover
1,1,https://pub-71ebbc217e6247ecacb85126a6616699.r2.dev/grammar-illustrations/alice-in-wonderland/manuscript-under-ground/manuscript-page-01.jpg,ГўВЂВ” ГўВЂВ” Lewis Carroll manuscript ГўВЂВ” Chapter I title page ГўВЂВ” Alice bored by the river
1,2,https://pub-71ebbc217e6247ecacb85126a6616699.r2.dev/grammar-illustrations/alice-in-wonderland/ch01-the-white-rabbit-appears/alice-b-woodward-1913.jpg,ГўВЂВ” ГўВЂВ” Alice B. Woodward ГўВЂВ” Suddenly a white rabbit ran by
1,3,https://pub-71ebbc217e6247ecacb85126a6616699.r2.dev/grammar-illustrations/alice-in-wonderland/ch01-falling-down/william-h-walker-1907.jpg,ГўВЂВ” ГўВЂВ” William H. Walker ГўВЂВ” Alice falling
1,4,https://pub-71ebbc217e6247ecacb85126a6616699.r2.dev/grammar-illustrations/alice-in-wonderland/ch01-falling-down/brinsley-le-fanu-1910.jpg,ГўВЂВ” ГўВЂВ” Brinsley Le Fanu ГўВЂВ” Alice took marmalade as she fell
1,5,https://pub-71ebbc217e6247ecacb85126a6616699.r2.dev/grammar-illustrations/alice-in-wonderland/manuscript-under-ground/manuscript-page-02.jpg,"ГўВЂВ” ГўВЂВ” Lewis Carroll manuscript ГўВЂВ” Alice sitting with sister, beginning to get tired"
1,6,https://pub-71ebbc217e6247ecacb85126a6616699.r2.dev/grammar-illustrations/alice-in-wonderland/chapter-01-down-the-rabbit-hole/gwynedd-hudson-1922.jpg,ГўВЂВ” ГўВЂВ” Gwynedd Hudson ГўВЂВ” Alice & Dinah
1,7,https://pub-71ebbc217e6247ecacb85126a6616699.r2.dev/grammar-illustrations/alice-in-wonderland/manuscript-under-ground/manuscript-page-03.jpg,ГўВЂВ” ГўВЂВ” Lewis Carroll manuscript ГўВЂВ” White Rabbit running by with pocket watch
1,8,,text-only,ilustrate this in a style comaptible with the images but maybe watercolor and wiht Alice looking a bit more like the real Alice and try to depict the images in the text of the apge next to it (asalways)
1,9,https://pub-71ebbc217e6247ecacb85126a6616699.r2.dev/grammar-illustrations/alice-in-wonderland/ch02-curiouser-and-curiouser/john-tenniel-colorized-e-g-thomson-1890.jpg,ГўВЂВ” ГўВЂВ” John Tenniel (colorized E.G. Thomson) ГўВЂВ” How Alice grew tall
1,10,https://pub-71ebbc217e6247ecacb85126a6616699.r2.dev/grammar-illustrations/alice-in-wonderland/manuscript-under-ground/manuscript-page-04.jpg,ГўВЂВ” ГўВЂВ” Lewis Carroll manuscript ГўВЂВ” Alice falling down the rabbit-hole
1,11,https://pub-71ebbc217e6247ecacb85126a6616699.r2.dev/grammar-illustrations/alice-in-wonderland/ch01-the-hall-of-doors/brinsley-le-fanu-1910.jpg,вЂ” вЂ” Brinsley Le Fanu вЂ” Glass table,
1,12,https://pub-71ebbc217e6247ecacb85126a6616699.r2.dev/grammar-illustrations/alice-in-wonderland/alice-liddell-photos/alice-liddell-portrait.jpg,вЂ” Lewis Carroll (photograph) вЂ” Alice Liddell portrait,
1,13,https://pub-71ebbc217e6247ecacb85126a6616699.r2.dev/grammar-illustrations/alice-in-wonderland/ch01-the-white-rabbit-appears/arthur-rackham-1907.jpg,ГўВЂВ” ГўВЂВ” Arthur Rackham ГўВЂВ” White Rabbit
1,14,https://pub-71ebbc217e6247ecacb85126a6616699.r2.dev/grammar-illustrations/alice-in-wonderland/ch01-drink-me/lewis-carroll-1864-title-page.webp,ГўВЂВ” ГўВЂВ” Lewis Carroll ГўВЂВ” Alice's Adventures Under Ground title page
1,15,https://pub-71ebbc217e6247ecacb85126a6616699.r2.dev/grammar-illustrations/alice-in-wonderland/chapter-02-the-pool-of-tears/lewis-carroll-1864-chapter-I.webp,ГўВЂВ” ГўВЂВ” Lewis Carroll ГўВЂВ” Carroll manuscript Chapter I opening
1,16,https://pub-71ebbc217e6247ecacb85126a6616699.r2.dev/grammar-illustrations/alice-in-wonderland/ch01-eat-me/lewis-carroll-1864-manuscript.webp,ГўВЂВ” ГўВЂВ” Lewis Carroll ГўВЂВ” Curiouser and curiouser - Alice growing tall
1,17,https://pub-71ebbc217e6247ecacb85126a6616699.r2.dev/grammar-illustrations/alice-in-wonderland/ch02-curiouser-and-curiouser/john-tenniel-colorized-e-g-thomson-1890.jpg,ГўВЂВ” ГўВЂВ” John Tenniel (colorized E.G. Thomson) ГўВЂВ” How Alice grew tall
1,18,https://pub-71ebbc217e6247ecacb85126a6616699.r2.dev/grammar-illustrations/alice-in-wonderland/ch01-drink-me/lewis-carroll-1864-title-page.webp,ГўВЂВ” ГўВЂВ” Lewis Carroll ГўВЂВ” Alice's Adventures Under Ground title page
1,19,,text-only
2,0,https://pub-71ebbc217e6247ecacb85126a6616699.r2.dev/grammar-illustrations/alice-in-wonderland/manuscript-under-ground/manuscript-page-09.jpg,chapter cover
2,1,https://pub-71ebbc217e6247ecacb85126a6616699.r2.dev/grammar-illustrations/alice-in-wonderland/ch04-stuck-in-the-house/john-tenniel-colorized-e-g-thomson-1890.jpg,вЂ” вЂ” John Tenniel (colorized E.G. Thomson) вЂ” She grew and grew,
2,2,,text-only,ilustrate her head beating the roof
2,3,https://pub-71ebbc217e6247ecacb85126a6616699.r2.dev/grammar-illustrations/alice-in-wonderland/ch01-the-white-rabbit-appears/arthur-rackham-1907.jpg,вЂ” вЂ” Arthur Rackham вЂ” White Rabbit,
2,4,,text-only,
2,5,https://pub-71ebbc217e6247ecacb85126a6616699.r2.dev/grammar-illustrations/alice-in-wonderland/ch01-the-white-rabbit-appears/arthur-rackham-1907.jpg,вЂ” вЂ” Arthur Rackham вЂ” White Rabbit,
2,6,https://pub-71ebbc217e6247ecacb85126a6616699.r2.dev/grammar-illustrations/alice-in-wonderland/ch02-the-pool-of-tears/john-tenniel-colorized-e-g-thomson-1890.jpg,ГўВЂВ” ГўВЂВ” John Tenniel (colorized E.G. Thomson) ГўВЂВ” Alice & Mouse in Pool of Tears
2,7,https://pub-71ebbc217e6247ecacb85126a6616699.r2.dev/grammar-illustrations/alice-in-wonderland/manuscript-under-ground/manuscript-page-12.jpg,ГўВЂВ” ГўВЂВ” Lewis Carroll manuscript ГўВЂВ” Alice and the Mouse swimming in the pool of tears
2,8,,text-only
2,9,https://pub-71ebbc217e6247ecacb85126a6616699.r2.dev/grammar-illustrations/alice-in-wonderland/manuscript-under-ground/manuscript-page-07.jpg,ГўВЂВ” ГўВЂВ” Lewis Carroll manuscript ГўВЂВ” Alice drinking from the DRINK ME bottle
2,10,https://pub-71ebbc217e6247ecacb85126a6616699.r2.dev/grammar-illustrations/alice-in-wonderland/ch02-the-pool-of-tears/alice-b-woodward-1913.jpg,ГўВЂВ” ГўВЂВ” Alice B. Woodward ГўВЂВ” They all swam to the shore
2,11,https://pub-71ebbc217e6247ecacb85126a6616699.r2.dev/grammar-illustrations/alice-in-wonderland/chapter-03-a-caucus-race-and-a-long-tale/lewis-carroll-1864-chapter-II.webp,ГўВЂВ” ГўВЂВ” Lewis Carroll ГўВЂВ” Carroll manuscript Chapter II - Caucus Race party
2,12,https://pub-71ebbc217e6247ecacb85126a6616699.r2.dev/grammar-illustrations/alice-in-wonderland/ch02-meeting-the-mouse/lewis-carroll-1864-manuscript.webp,ГўВЂВ” ГўВЂВ” Lewis Carroll ГўВЂВ” Alice swimming with the Mouse
2,13,https://pub-71ebbc217e6247ecacb85126a6616699.r2.dev/grammar-illustrations/alice-in-wonderland/chapter-04-the-rabbit-sends-in-a-little-bill/lewis-carroll-1864-chapter-III.webp,ГўВЂВ” ГўВЂВ” Lewis Carroll ГўВЂВ” Carroll manuscript Chapter III - Alice and the puppy
3,0,https://pub-71ebbc217e6247ecacb85126a6616699.r2.dev/grammar-illustrations/alice-in-wonderland/ch03-the-caucus-race/emily-overnell-1912.jpg,chapter cover
3,1,https://pub-71ebbc217e6247ecacb85126a6616699.r2.dev/grammar-illustrations/alice-in-wonderland/ch03-the-caucus-race/bessie-pease-gutmann-1933.jpg,ГўВЂВ” ГўВЂВ” Bessie Pease Gutmann ГўВЂВ” Beg your acceptance
3,2,https://pub-71ebbc217e6247ecacb85126a6616699.r2.dev/grammar-illustrations/alice-in-wonderland/manuscript-under-ground/manuscript-page-16.jpg,ГўВЂВ” ГўВЂВ” Lewis Carroll manuscript ГўВЂВ” The Dodo presenting Alice with her own thimble as prize
3,3,https://pub-71ebbc217e6247ecacb85126a6616699.r2.dev/grammar-illustrations/alice-in-wonderland/ch03-the-caucus-race/john-tenniel-colorized-e-g-thomson-1890.jpg,ГўВЂВ” ГўВЂВ” John Tenniel (colorized E.G. Thomson) ГўВЂВ” Hand it over said Dodo
3,4,https://pub-71ebbc217e6247ecacb85126a6616699.r2.dev/grammar-illustrations/alice-in-wonderland/ch03-the-caucus-race/william-h-walker-1907.jpg,ГўВЂВ” ГўВЂВ” William H. Walker ГўВЂВ” Dodo
3,5,https://pub-71ebbc217e6247ecacb85126a6616699.r2.dev/grammar-illustrations/alice-in-wonderland/ch03-the-caucus-race/brinsley-le-fanu-1910.jpg,ГўВЂВ” ГўВЂВ” Brinsley Le Fanu ГўВЂВ” Dodo presents Alice with her fingernail
3,6,https://pub-71ebbc217e6247ecacb85126a6616699.r2.dev/grammar-illustrations/alice-in-wonderland/manuscript-under-ground/manuscript-page-18.jpg,ГўВЂВ” ГўВЂВ” Lewis Carroll manuscript ГўВЂВ” Alice distributing comfits to the animals
3,7,https://pub-71ebbc217e6247ecacb85126a6616699.r2.dev/grammar-illustrations/alice-in-wonderland/ch03-the-driest-thing/john-tenniel-harry-theaker-1911.jpg,ГўВЂВ” ГўВЂВ” John Tenniel & Harry Theaker ГўВЂВ” Dodo presents thimble to Alice
3,8,https://pub-71ebbc217e6247ecacb85126a6616699.r2.dev/grammar-illustrations/alice-in-wonderland/ch03-the-caucus-race/arthur-rackham-1907.jpg,ГўВЂВ” ГўВЂВ” Arthur Rackham ГўВЂВ” Who has won
3,9,https://pub-71ebbc217e6247ecacb85126a6616699.r2.dev/grammar-illustrations/alice-in-wonderland/manuscript-under-ground/manuscript-page-14.jpg,ГўВЂВ” ГўВЂВ” Lewis Carroll manuscript ГўВЂВ” The Mouse tells its history ГўВЂВ” the driest thing
3,10,https://pub-71ebbc217e6247ecacb85126a6616699.r2.dev/grammar-illustrations/alice-in-wonderland/alice-liddell-photos/alice-feigned-sleep-1860.jpg,"ГўВЂВ” Lewis Carroll (photograph) ГўВЂВ” Alice in feigned sleep, 1860"
3,11,https://pub-71ebbc217e6247ecacb85126a6616699.r2.dev/grammar-illustrations/alice-in-wonderland/ch03-a-long-sad-tale/lewis-carroll-1864-manuscript.webp,ГўВЂВ” ГўВЂВ” Lewis Carroll ГўВЂВ” The Mouse's Tale in tail shape
4,0,https://pub-71ebbc217e6247ecacb85126a6616699.r2.dev/grammar-illustrations/alice-in-wonderland/ch04-bill-the-lizard/harry-rountree-1928.jpg,chapter cover
4,1,https://pub-71ebbc217e6247ecacb85126a6616699.r2.dev/grammar-illustrations/alice-in-wonderland/ch04-stuck-in-the-house/bessie-pease-gutmann-1933.jpg,ГўВЂВ” ГўВЂВ” Bessie Pease Gutmann ГўВЂВ” Hope I shan't grow more
4,2,https://pub-71ebbc217e6247ecacb85126a6616699.r2.dev/grammar-illustrations/alice-in-wonderland/ch04-bill-the-lizard/brinsley-le-fanu-1910.jpg,ГўВЂВ” ГўВЂВ” Brinsley Le Fanu ГўВЂВ” White rabbit falls
4,3,https://pub-71ebbc217e6247ecacb85126a6616699.r2.dev/grammar-illustrations/alice-in-wonderland/ch04-stuck-in-the-house/john-tenniel-colorized-e-g-thomson-1890.jpg,ГўВЂВ” ГўВЂВ” John Tenniel (colorized E.G. Thomson) ГўВЂВ” She grew and grew
4,4,https://pub-71ebbc217e6247ecacb85126a6616699.r2.dev/grammar-illustrations/alice-in-wonderland/ch04-mistaken-for-mary-ann/harry-rountree-1928.jpg,"ГўВЂВ” ГўВЂВ” Harry Rountree ГўВЂВ” Why, Mary Ann"
4,5,https://pub-71ebbc217e6247ecacb85126a6616699.r2.dev/grammar-illustrations/alice-in-wonderland/ch04-mistaken-for-mary-ann/john-tenniel-harry-theaker-1911.jpg,ГўВЂВ” ГўВЂВ” John Tenniel & Harry Theaker ГўВЂВ” Rabbit started violently
4,6,https://pub-71ebbc217e6247ecacb85126a6616699.r2.dev/grammar-illustrations/alice-in-wonderland/ch04-bill-the-lizard/gwynedd-hudson-1922.jpg,ГўВЂВ” ГўВЂВ” Gwynedd Hudson ГўВЂВ” Poor little lizard
4,7,https://pub-71ebbc217e6247ecacb85126a6616699.r2.dev/grammar-illustrations/alice-in-wonderland/ch04-bill-the-lizard/john-tenniel-colorized-e-g-thomson-1890.jpg,ГўВЂВ” ГўВЂВ” John Tenniel (colorized E.G. Thomson) ГўВЂВ” Bill the Lizard
4,8,https://pub-71ebbc217e6247ecacb85126a6616699.r2.dev/grammar-illustrations/alice-in-wonderland/manuscript-under-ground/manuscript-page-19.jpg,ГўВЂВ” ГўВЂВ” Lewis Carroll manuscript ГўВЂВ” Bill the Lizard being kicked up the chimney
4,9,https://pub-71ebbc217e6247ecacb85126a6616699.r2.dev/grammar-illustrations/alice-in-wonderland/ch04-the-great-puppy/john-tenniel-colorized-e-g-thomson-1890.jpg,ГўВЂВ” ГўВЂВ” John Tenniel (colorized E.G. Thomson) ГўВЂВ” Dash the Puppy
4,10,https://pub-71ebbc217e6247ecacb85126a6616699.r2.dev/grammar-illustrations/alice-in-wonderland/ch03-the-driest-thing/lewis-carroll-1864-manuscript.webp,ГўВЂВ” ГўВЂВ” Lewis Carroll ГўВЂВ” Alice alone on the shore after the race
4,11,https://pub-71ebbc217e6247ecacb85126a6616699.r2.dev/grammar-illustrations/alice-in-wonderland/ch04-bill-the-lizard/brinsley-le-fanu-1910.jpg,ГўВЂВ” ГўВЂВ” Brinsley Le Fanu ГўВЂВ” White rabbit falls
4,12,https://pub-71ebbc217e6247ecacb85126a6616699.r2.dev/grammar-illustrations/alice-in-wonderland/ch04-bill-the-lizard/harry-rountree-1928.jpg,ГўВЂВ” ГўВЂВ” Harry Rountree ГўВЂВ” Poor Lizard Bill
4,13,https://pub-71ebbc217e6247ecacb85126a6616699.r2.dev/grammar-illustrations/alice-in-wonderland/ch02-the-white-rabbit-returns/lewis-carroll-1864-manuscript.webp,ГўВЂВ” ГўВЂВ” Lewis Carroll ГўВЂВ” White Rabbit ordering Alice about
4,14,https://pub-71ebbc217e6247ecacb85126a6616699.r2.dev/grammar-illustrations/alice-in-wonderland/ch04-bill-the-lizard/john-tenniel-colorized-e-g-thomson-1890.jpg,ГўВЂВ” ГўВЂВ” John Tenniel (colorized E.G. Thomson) ГўВЂВ” Bill the Lizard
4,15,,text-only
4,16,https://pub-71ebbc217e6247ecacb85126a6616699.r2.dev/grammar-illustrations/alice-in-wonderland/alice-liddell-photos/alice-ina-harry-edith-1860.jpg,"ГўВЂВ” Lewis Carroll (photograph) ГўВЂВ” Alice, Ina, Harry and Edith, 1860"
4,17,https://pub-71ebbc217e6247ecacb85126a6616699.r2.dev/grammar-illustrations/alice-in-wonderland/ch04-the-great-puppy/john-tenniel-colorized-e-g-thomson-1890.jpg,ГўВЂВ” ГўВЂВ” John Tenniel (colorized E.G. Thomson) ГўВЂВ” Dash the Puppy
4,18,,text-only
4,19,,text-only
5,0,https://pub-71ebbc217e6247ecacb85126a6616699.r2.dev/grammar-illustrations/alice-in-wonderland/ch05-who-are-you/gwynedd-hudson-1922.jpg,chapter cover
5,1,https://pub-71ebbc217e6247ecacb85126a6616699.r2.dev/grammar-illustrations/alice-in-wonderland/ch05-who-are-you/alice-b-woodward-1913.jpg,ГўВЂВ” ГўВЂВ” Alice B. Woodward ГўВЂВ” Caterpillar
5,2,https://pub-71ebbc217e6247ecacb85126a6616699.r2.dev/grammar-illustrations/alice-in-wonderland/ch05-who-are-you/william-h-walker-1907.jpg,ГўВЂВ” ГўВЂВ” William H. Walker ГўВЂВ” Caterpillar
5,3,https://pub-71ebbc217e6247ecacb85126a6616699.r2.dev/grammar-illustrations/alice-in-wonderland/ch05-who-are-you/gwynedd-hudson-1922.jpg,ГўВЂВ” ГўВЂВ” Gwynedd Hudson ГўВЂВ” Advice from a caterpillar
5,4,https://pub-71ebbc217e6247ecacb85126a6616699.r2.dev/grammar-illustrations/alice-in-wonderland/ch05-who-are-you/arthur-rackham-1907.jpg,ГўВЂВ” ГўВЂВ” Arthur Rackham ГўВЂВ” Advice from a Caterpillar
5,5,https://pub-71ebbc217e6247ecacb85126a6616699.r2.dev/grammar-illustrations/alice-in-wonderland/ch05-father-william/bessie-pease-gutmann-1933.jpg,ГўВЂВ” ГўВЂВ” Bessie Pease Gutmann ГўВЂВ” Caterpillar
5,6,https://pub-71ebbc217e6247ecacb85126a6616699.r2.dev/grammar-illustrations/alice-in-wonderland/manuscript-under-ground/manuscript-page-23.jpg,ГўВЂВ” ГўВЂВ” Lewis Carroll manuscript ГўВЂВ” Chapter II title page ГўВЂВ” Advice from a Caterpillar
5,7,https://pub-71ebbc217e6247ecacb85126a6616699.r2.dev/grammar-illustrations/alice-in-wonderland/chapter-05-advice-from-a-caterpillar/john-tenniel-colorized-e-g-thomson-1890.jpg,ГўВЂВ” ГўВЂВ” John Tenniel (colorized E.G. Thomson) ГўВЂВ” Caterpillar
5,8,https://pub-71ebbc217e6247ecacb85126a6616699.r2.dev/grammar-illustrations/alice-in-wonderland/manuscript-under-ground/manuscript-page-24.jpg,ГўВЂВ” ГўВЂВ” Lewis Carroll manuscript ГўВЂВ” The Pigeon calling Alice a serpent in the tree
5,9,,text-only
5,10,https://pub-71ebbc217e6247ecacb85126a6616699.r2.dev/grammar-illustrations/alice-in-wonderland/ch05-the-mushrooms-magic/lewis-carroll-1864-manuscript.webp,ГўВЂВ” ГўВЂВ” Lewis Carroll ГўВЂВ” Alice pondering the mushroom's effects
5,11,,text-only
5,12,https://pub-71ebbc217e6247ecacb85126a6616699.r2.dev/grammar-illustrations/alice-in-wonderland/alice-liddell-photos/alice-liddell-1859.jpg,"ГўВЂВ” Lewis Carroll (photograph) ГўВЂВ” Alice Liddell, 1859"
5,13,,text-only
5,14,,text-only
5,15,https://pub-71ebbc217e6247ecacb85126a6616699.r2.dev/grammar-illustrations/alice-in-wonderland/ch05-serpent/lewis-carroll-1864-manuscript.webp,ГўВЂВ” ГўВЂВ” Lewis Carroll ГўВЂВ” Alice mistaken for a serpent by pigeon
6,0,https://pub-71ebbc217e6247ecacb85126a6616699.r2.dev/grammar-illustrations/alice-in-wonderland/chapter-06-pig-and-pepper/lewis-carroll-1864-chapter-IV.webp,chapter cover
6,1,https://pub-71ebbc217e6247ecacb85126a6616699.r2.dev/grammar-illustrations/alice-in-wonderland/ch06-the-baby-turns-into-a-pig/john-tenniel-colorized-e-g-thomson-1890.jpg,ГўВЂВ” John Tenniel (colorized E.G. Thomson) ГўВЂВ” Duchess & the Pig-baby
6,2,https://pub-71ebbc217e6247ecacb85126a6616699.r2.dev/grammar-illustrations/alice-in-wonderland/ch06-the-fish-footman/lewis-carroll-1864-manuscript.webp,ГўВЂВ” Lewis Carroll ГўВЂВ” Fish-Footman and Frog-Footman at the door
6,3,https://pub-71ebbc217e6247ecacb85126a6616699.r2.dev/grammar-illustrations/alice-in-wonderland/ch06-the-fish-footman/alice-b-woodward-1913.jpg,"ГўВЂВ” Alice B. Woodward ГўВЂВ” You may nurse the baby, said Duchess"
6,4,,text-only
6,5,https://pub-71ebbc217e6247ecacb85126a6616699.r2.dev/grammar-illustrations/alice-in-wonderland/ch06-the-duchesss-kitchen/arthur-rackham-1907.jpg,ГўВЂВ” Arthur Rackham ГўВЂВ” Saucepan flew by
6,6,https://pub-71ebbc217e6247ecacb85126a6616699.r2.dev/grammar-illustrations/alice-in-wonderland/ch06-the-duchesss-kitchen/alice-b-woodward-1913.jpg,ГўВЂВ” Alice B. Woodward ГўВЂВ” Shan't said the Cook
6,7,,text-only
6,8,https://pub-71ebbc217e6247ecacb85126a6616699.r2.dev/grammar-illustrations/alice-in-wonderland/ch06-the-duchesss-kitchen/brinsley-le-fanu-1910.jpg,ГўВЂВ” Brinsley Le Fanu ГўВЂВ” The Duchess's kitchen
6,9,https://pub-71ebbc217e6247ecacb85126a6616699.r2.dev/grammar-illustrations/alice-in-wonderland/ch06-the-baby-turns-into-a-pig/arthur-rackham-1907.jpg,ГўВЂВ” Arthur Rackham ГўВЂВ” Pig baby
6,10,https://pub-71ebbc217e6247ecacb85126a6616699.r2.dev/grammar-illustrations/alice-in-wonderland/ch06-the-baby-turns-into-a-pig/gwynedd-hudson-1922.jpg,ГўВЂВ” Gwynedd Hudson ГўВЂВ” Duchess & the Baby
6,11,https://pub-71ebbc217e6247ecacb85126a6616699.r2.dev/grammar-illustrations/alice-in-wonderland/ch06-the-baby-turns-into-a-pig/alice-b-woodward-1913.jpg,ГўВЂВ” Alice B. Woodward ГўВЂВ” You may nurse the baby said Duchess
6,12,https://pub-71ebbc217e6247ecacb85126a6616699.r2.dev/grammar-illustrations/alice-in-wonderland/alice-liddell-photos/alice-beggar-girl-1858.jpg,"ГўВЂВ” Lewis Carroll (photograph) ГўВЂВ” Alice as a beggar-girl, 1858"
6,13,https://pub-71ebbc217e6247ecacb85126a6616699.r2.dev/grammar-illustrations/alice-in-wonderland/ch06-the-cheshire-cat/john-tenniel-harry-theaker-1911.jpg,ГўВЂВ” John Tenniel & Harry Theaker ГўВЂВ” The Cheshire Cat
6,14,,text-only
6,15,,text-only
6,16,https://pub-71ebbc217e6247ecacb85126a6616699.r2.dev/grammar-illustrations/alice-in-wonderland/ch06-the-cheshire-cat/john-tenniel-colorized-e-g-thomson-1890.jpg,ГўВЂВ” John Tenniel (colorized E.G. Thomson) ГўВЂВ” The Cheshire Cat in tree
7,0,https://pub-71ebbc217e6247ecacb85126a6616699.r2.dev/grammar-illustrations/alice-in-wonderland/chapter-07-a-mad-tea-party/gwynedd-hudson-1922.jpg,chapter cover
7,1,https://pub-71ebbc217e6247ecacb85126a6616699.r2.dev/grammar-illustrations/alice-in-wonderland/ch07-no-room/arthur-rackham-1907.jpg,ГўВЂВ” Arthur Rackham ГўВЂВ” Mad Hatter's tea party
7,2,https://pub-71ebbc217e6247ecacb85126a6616699.r2.dev/grammar-illustrations/alice-in-wonderland/ch07-no-room/alice-b-woodward-1913.jpg,ГўВЂВ” Alice B. Woodward ГўВЂВ” No room they cried
7,3,https://pub-71ebbc217e6247ecacb85126a6616699.r2.dev/grammar-illustrations/alice-in-wonderland/ch07-no-room/brinsley-le-fanu-1910.jpg,ГўВЂВ” Brinsley Le Fanu ГўВЂВ” March Hare's house
7,4,https://pub-71ebbc217e6247ecacb85126a6616699.r2.dev/grammar-illustrations/alice-in-wonderland/ch07-no-room/john-tenniel-colorized-e-g-thomson-1890.jpg,ГўВЂВ” John Tenniel (colorized E.G. Thomson) ГўВЂВ” Mad Hatter's Tea Party
7,5,https://pub-71ebbc217e6247ecacb85126a6616699.r2.dev/grammar-illustrations/alice-in-wonderland/ch07-the-hatters-watch/lewis-carroll-1864-duchess-kitchen.webp,ГўВЂВ” Lewis Carroll ГўВЂВ” The Duchess's chaotic kitchen
7,6,https://pub-71ebbc217e6247ecacb85126a6616699.r2.dev/grammar-illustrations/alice-in-wonderland/chapter-07-a-mad-tea-party/william-h-walker-1907.jpg,ГўВЂВ” William H. Walker ГўВЂВ” Hatter's Tea Party
7,7,https://pub-71ebbc217e6247ecacb85126a6616699.r2.dev/grammar-illustrations/alice-in-wonderland/chapter-07-a-mad-tea-party/john-tenniel-1865.jpg,ГўВЂВ” John Tenniel ГўВЂВ” Mad Hatter's Tea Party
7,8,https://pub-71ebbc217e6247ecacb85126a6616699.r2.dev/grammar-illustrations/alice-in-wonderland/ch07-time-is-frozen/lewis-carroll-1864-animals-concert.webp,ГўВЂВ” Lewis Carroll ГўВЂВ” Animals gathered for a concert
7,9,,text-only
7,10,https://pub-71ebbc217e6247ecacb85126a6616699.r2.dev/grammar-illustrations/alice-in-wonderland/ch01-bored-by-the-river/lewis-carroll-1864-manuscript.webp,ГўВЂВ” ГўВЂВ” Lewis Carroll ГўВЂВ” Alice with sister by the river
7,11,https://pub-71ebbc217e6247ecacb85126a6616699.r2.dev/grammar-illustrations/alice-in-wonderland/ch07-the-dormouses-story/brinsley-le-fanu-1910.jpg,ГўВЂВ” Brinsley Le Fanu ГўВЂВ” Dormouse put in teapot
7,12,https://pub-71ebbc217e6247ecacb85126a6616699.r2.dev/grammar-illustrations/alice-in-wonderland/alice-liddell-photos/lorina-edith-alice-1859.jpg,"ГўВЂВ” Lewis Carroll (photograph) ГўВЂВ” Lorina, Edith and Alice, 1859"
7,13,https://pub-71ebbc217e6247ecacb85126a6616699.r2.dev/grammar-illustrations/alice-in-wonderland/ch07-the-dormouses-story/harry-rountree-1928.jpg,ГўВЂВ” Harry Rountree ГўВЂВ” Dormouse is asleep
7,14,,text-only
7,15,https://pub-71ebbc217e6247ecacb85126a6616699.r2.dev/grammar-illustrations/alice-in-wonderland/ch07-alice-leaves-the-tea-party/lewis-carroll-1864-cheshire-cat-tree.webp,ГўВЂВ” Lewis Carroll ГўВЂВ” Alice under a tree with the Cheshire Cat
7,16,,text-only
8,0,https://pub-71ebbc217e6247ecacb85126a6616699.r2.dev/grammar-illustrations/alice-in-wonderland/chapter-08-the-queens-croquet-ground/alice-b-woodward-1913.jpg,chapter cover
8,1,https://pub-71ebbc217e6247ecacb85126a6616699.r2.dev/grammar-illustrations/alice-in-wonderland/ch08-painting-the-roses-red/gwynedd-hudson-1922.jpg,ГўВЂВ” Gwynedd Hudson ГўВЂВ” Gardeners painting roses red
8,2,https://pub-71ebbc217e6247ecacb85126a6616699.r2.dev/grammar-illustrations/alice-in-wonderland/ch08-painting-the-roses-red/william-h-walker-1907.jpg,ГўВЂВ” William H. Walker ГўВЂВ” Playing cards
8,3,https://pub-71ebbc217e6247ecacb85126a6616699.r2.dev/grammar-illustrations/alice-in-wonderland/ch08-the-royal-procession/arthur-rackham-1907.jpg,ГўВЂВ” Arthur Rackham ГўВЂВ” Queen of Hearts
8,4,https://pub-71ebbc217e6247ecacb85126a6616699.r2.dev/grammar-illustrations/alice-in-wonderland/ch08-painting-the-roses-red/bessie-pease-gutmann-1933.jpg,ГўВЂВ” Bessie Pease Gutmann ГўВЂВ” Shan't be beheaded
8,5,https://pub-71ebbc217e6247ecacb85126a6616699.r2.dev/grammar-illustrations/alice-in-wonderland/ch08-the-royal-procession/gwynedd-hudson-1922.jpg,ГўВЂВ” Gwynedd Hudson ГўВЂВ” King & Queen of Hearts
8,6,https://pub-71ebbc217e6247ecacb85126a6616699.r2.dev/grammar-illustrations/alice-in-wonderland/ch08-the-royal-procession/john-tenniel-harry-theaker-1911.jpg,ГўВЂВ” John Tenniel & Harry Theaker ГўВЂВ” Off with her head
8,7,https://pub-71ebbc217e6247ecacb85126a6616699.r2.dev/grammar-illustrations/alice-in-wonderland/ch08-the-royal-procession/john-tenniel-colorized-e-g-thomson-1890.jpg,ГўВЂВ” John Tenniel (colorized E.G. Thomson) ГўВЂВ” The Queen has come
8,8,https://pub-71ebbc217e6247ecacb85126a6616699.r2.dev/grammar-illustrations/alice-in-wonderland/ch08-painting-the-roses-red/john-tenniel-colorized-e-g-thomson-1890.jpg,ГўВЂВ” John Tenniel (colorized E.G. Thomson) ГўВЂВ” Live cards with red rose-tree
8,9,https://pub-71ebbc217e6247ecacb85126a6616699.r2.dev/grammar-illustrations/alice-in-wonderland/ch08-croquet-with-flamingos/john-tenniel-harry-theaker-1911.jpg,ГўВЂВ” John Tenniel & Harry Theaker ГўВЂВ” Invitation to play croquet
8,10,https://pub-71ebbc217e6247ecacb85126a6616699.r2.dev/grammar-illustrations/alice-in-wonderland/chapter-08-the-queens-croquet-ground/john-tenniel-harry-theaker-1911.jpg,ГўВЂВ” John Tenniel & Harry Theaker ГўВЂВ” King & Queen of Hearts
8,11,https://pub-71ebbc217e6247ecacb85126a6616699.r2.dev/grammar-illustrations/alice-in-wonderland/ch08-croquet-with-flamingos/john-tenniel-colorized-e-g-thomson-1890.jpg,"ГўВЂВ” John Tenniel (colorized E.G. Thomson) ГўВЂВ” Alice, the Duchess & the Flamingo"
8,12,,text-only
8,13,https://pub-71ebbc217e6247ecacb85126a6616699.r2.dev/grammar-illustrations/alice-in-wonderland/ch08-the-cheshire-cats-head/gwynedd-hudson-1922.jpg,ГўВЂВ” Gwynedd Hudson ГўВЂВ” King Queen Executioner
8,14,,text-only
8,15,https://pub-71ebbc217e6247ecacb85126a6616699.r2.dev/grammar-illustrations/alice-in-wonderland/ch08-the-cheshire-cats-head/alice-b-woodward-1913.jpg,ГўВЂВ” Alice B. Woodward ГўВЂВ” Executioner came back with Duchess
8,16,,text-only
8,17,https://pub-71ebbc217e6247ecacb85126a6616699.r2.dev/grammar-illustrations/alice-in-wonderland/ch08-the-cheshire-cats-head/brinsley-le-fanu-1910.jpg,ГўВЂВ” Brinsley Le Fanu ГўВЂВ” Dispute over Cheshire cat's head
9,0,https://pub-71ebbc217e6247ecacb85126a6616699.r2.dev/grammar-illustrations/alice-in-wonderland/chapter-09-the-mock-turtles-story/john-tenniel-colorized-e-g-thomson-1890.jpg,chapter cover
9,1,,text-only
9,2,https://pub-71ebbc217e6247ecacb85126a6616699.r2.dev/grammar-illustrations/alice-in-wonderland/ch09-the-duchess-and-her-morals/gwynedd-hudson-1922.jpg,ГўВЂВ” Gwynedd Hudson ГўВЂВ” Alice & the Duchess
9,3,,text-only
9,4,,text-only
9,5,https://pub-71ebbc217e6247ecacb85126a6616699.r2.dev/grammar-illustrations/alice-in-wonderland/ch09-the-duchess-and-her-morals/john-tenniel-colorized-e-g-thomson-1890.jpg,ГўВЂВ” John Tenniel (colorized E.G. Thomson) ГўВЂВ” Duchess
9,6,https://pub-71ebbc217e6247ecacb85126a6616699.r2.dev/grammar-illustrations/alice-in-wonderland/alice-liddell-photos/edith-ina-alice-july-1860.jpg,"ГўВЂВ” Lewis Carroll (photograph) ГўВЂВ” Edith, Ina and Alice, July 1860"
9,7,https://pub-71ebbc217e6247ecacb85126a6616699.r2.dev/grammar-illustrations/alice-in-wonderland/ch09-meeting-the-gryphon/arthur-rackham-1907.jpg,ГўВЂВ” Arthur Rackham ГўВЂВ” Gryphon & Mock Turtle
9,8,,text-only
9,9,https://pub-71ebbc217e6247ecacb85126a6616699.r2.dev/grammar-illustrations/alice-in-wonderland/ch09-meeting-the-gryphon/brinsley-le-fanu-1910.jpg,ГўВЂВ” Brinsley Le Fanu ГўВЂВ” The griffin sleeps deeply
9,10,https://pub-71ebbc217e6247ecacb85126a6616699.r2.dev/grammar-illustrations/alice-in-wonderland/ch09-meeting-the-gryphon/bessie-pease-gutmann-1933.jpg,ГўВЂВ” Bessie Pease Gutmann ГўВЂВ” Gryphon
9,11,,text-only
9,12,https://pub-71ebbc217e6247ecacb85126a6616699.r2.dev/grammar-illustrations/alice-in-wonderland/ch09-the-mock-turtles-school/gwynedd-hudson-1922.jpg,ГўВЂВ” Gwynedd Hudson ГўВЂВ” Alice & Mock-turtle
9,13,https://pub-71ebbc217e6247ecacb85126a6616699.r2.dev/grammar-illustrations/alice-in-wonderland/ch09-the-mock-turtles-school/william-h-walker-1907.jpg,ГўВЂВ” William H. Walker ГўВЂВ” Turtle & Gryphon
9,14,,text-only
9,15,https://pub-71ebbc217e6247ecacb85126a6616699.r2.dev/grammar-illustrations/alice-in-wonderland/ch09-the-mock-turtles-school/john-tenniel-harry-theaker-1911.jpg,ГўВЂВ” John Tenniel & Harry Theaker ГўВЂВ” The Mock Turtle
10,0,https://pub-71ebbc217e6247ecacb85126a6616699.r2.dev/grammar-illustrations/alice-in-wonderland/chapter-10-the-lobster-quadrille/lewis-carroll-1864-mock-turtle.webp,chapter cover
10,1,,text-only
10,2,,text-only
10,3,,text-only
10,4,,text-only
10,5,https://pub-71ebbc217e6247ecacb85126a6616699.r2.dev/grammar-illustrations/alice-in-wonderland/ch10-the-lobster-quadrille/harry-rountree-1928.jpg,ГўВЂВ” Harry Rountree ГўВЂВ” Lobster Quadrille
10,6,,text-only
10,7,https://pub-71ebbc217e6247ecacb85126a6616699.r2.dev/grammar-illustrations/alice-in-wonderland/alice-liddell-photos/alice-grown-up.jpg,ГўВЂВ” Photograph ГўВЂВ” A grown up Alice of Wonderland
10,8,,text-only
10,9,https://pub-71ebbc217e6247ecacb85126a6616699.r2.dev/grammar-illustrations/alice-in-wonderland/ch01-the-white-rabbit-appears/john-tenniel-colorized-e-g-thomson-1890.jpg,ГўВЂВ” John Tenniel (colorized E.G. Thomson) ГўВЂВ” The White Rabbit
10,10,,text-only
10,11,https://pub-71ebbc217e6247ecacb85126a6616699.r2.dev/grammar-illustrations/alice-in-wonderland/ch10-the-lobster-and-the-owl/lewis-carroll-1864-manuscript.webp,ГўВЂВ” Lewis Carroll ГўВЂВ” The Lobster dancing
10,12,,text-only
10,13,,text-only
10,14,https://pub-71ebbc217e6247ecacb85126a6616699.r2.dev/grammar-illustrations/alice-in-wonderland/ch10-beautiful-soup/lewis-carroll-1864-manuscript.webp,"ГўВЂВ” Lewis Carroll ГўВЂВ” Alice, Mock Turtle and Gryphon singing"
11,0,https://pub-71ebbc217e6247ecacb85126a6616699.r2.dev/grammar-illustrations/alice-in-wonderland/chapter-11-who-stole-the-tarts/lewis-carroll-1864-royal-court.webp,chapter cover
11,1,,text-only
11,2,https://pub-71ebbc217e6247ecacb85126a6616699.r2.dev/grammar-illustrations/alice-in-wonderland/ch11-the-court-assembles/arthur-rackham-1907.jpg,ГўВЂВ” Arthur Rackham ГўВЂВ” Knave of Spades
11,3,,text-only
11,4,https://pub-71ebbc217e6247ecacb85126a6616699.r2.dev/grammar-illustrations/alice-in-wonderland/ch11-the-court-assembles/william-h-walker-1907.jpg,ГўВЂВ” William H. Walker ГўВЂВ” In court
11,5,,text-only
11,6,,text-only
11,7,https://pub-71ebbc217e6247ecacb85126a6616699.r2.dev/grammar-illustrations/alice-in-wonderland/alice-liddell-photos/alice-with-julia-margaret-cameron-1872.jpg,"ГўВЂВ” Julia Margaret Cameron (photograph) ГўВЂВ” Alice with Cameron, 1872"
11,8,https://pub-71ebbc217e6247ecacb85126a6616699.r2.dev/grammar-illustrations/alice-in-wonderland/ch11-the-hatters-evidence/lewis-carroll-1864-manuscript.webp,ГўВЂВ” Lewis Carroll ГўВЂВ” The trial of the Knave of Hearts
11,9,,text-only
11,10,,text-only
11,11,,text-only
11,12,https://pub-71ebbc217e6247ecacb85126a6616699.r2.dev/grammar-illustrations/alice-in-wonderland/ch11-the-cooks-evidence/brinsley-le-fanu-1910.jpg,ГўВЂВ” Brinsley Le Fanu ГўВЂВ” The cook refuses to testify
12,0,https://pub-71ebbc217e6247ecacb85126a6616699.r2.dev/grammar-illustrations/alice-in-wonderland/chapter-12-alices-evidence/lewis-carroll-1864-croquet-chaos.webp,chapter cover
12,1,,text-only
12,2,https://pub-71ebbc217e6247ecacb85126a6616699.r2.dev/grammar-illustrations/alice-in-wonderland/ch12-alice-tips-the-jury/john-tenniel-harry-theaker-1911.jpg,ГўВЂВ” John Tenniel & Harry Theaker ГўВЂВ” Tipped over jury box
12,3,https://pub-71ebbc217e6247ecacb85126a6616699.r2.dev/grammar-illustrations/alice-in-wonderland/ch12-alice-tips-the-jury/john-tenniel-colorized-e-g-thomson-1890.jpg,ГўВЂВ” John Tenniel (colorized E.G. Thomson) ГўВЂВ” Alice & the Jurors
12,4,,text-only
12,5,,text-only
12,6,https://pub-71ebbc217e6247ecacb85126a6616699.r2.dev/grammar-illustrations/alice-in-wonderland/ch12-the-mysterious-letter/lewis-carroll-1864-manuscript.webp,"ГўВЂВ” Lewis Carroll ГўВЂВ” Alice growing in court, Off with her head"
12,7,https://pub-71ebbc217e6247ecacb85126a6616699.r2.dev/grammar-illustrations/alice-in-wonderland/alice-liddell-photos/alice-hargreaves-1932-age-80.jpg,"ГўВЂВ” Photograph ГўВЂВ” Alice Hargreaves in 1932, age 80"
12,8,https://pub-71ebbc217e6247ecacb85126a6616699.r2.dev/grammar-illustrations/alice-in-wonderland/ch12-sentence-first/arthur-rackham-1907.jpg,ГўВЂВ” Arthur Rackham ГўВЂВ” Pack rose in the air
12,9,https://pub-71ebbc217e6247ecacb85126a6616699.r2.dev/grammar-illustrations/alice-in-wonderland/ch12-sentence-first/gwynedd-hudson-1922.jpg,ГўВЂВ” Gwynedd Hudson ГўВЂВ” Cards rose into the air
12,10,https://pub-71ebbc217e6247ecacb85126a6616699.r2.dev/grammar-illustrations/alice-in-wonderland/ch12-sentence-first/john-tenniel-colorized-e-g-thomson-1890.jpg,ГўВЂВ” John Tenniel (colorized E.G. Thomson) ГўВЂВ” The Shower of Cards
12,11,https://pub-71ebbc217e6247ecacb85126a6616699.r2.dev/grammar-illustrations/alice-in-wonderland/alice-liddell-photos/alice-age-20-1872.jpg,"ГўВЂВ” Lewis Carroll (photograph) ГўВЂВ” A 20-year-old Alice, 1872"
12,12,,text-only
12,13,https://pub-71ebbc217e6247ecacb85126a6616699.r2.dev/grammar-illustrations/alice-in-wonderland/ch12-waking-up/lewis-carroll-1864-manuscript.webp,ГўВЂВ” Lewis Carroll ГўВЂВ” The end - Alice waking up
12,14,,text-only
12,15,,text-only
